{"count":1,"self":193.2175872,"total":1516.9786344,"children":{"InitializeActuators":{"count":16,"self":0.00099739999999999985,"total":0.00099739999999999985,"children":null},"InitializeSensors":{"count":16,"self":0.0029968,"total":0.0029968,"children":null},"AgentSendState":{"count":272551,"self":58.2938112,"total":86.339902299999991,"children":{"CollectObservations":{"count":872176,"self":1.0225305,"total":1.0225305,"children":null},"WriteActionMask":{"count":872176,"self":0.6059917,"total":0.6059917,"children":null},"RequestDecision":{"count":872176,"self":2.0880576,"total":26.4175692,"children":{"AgentInfo.ToProto":{"count":872176,"self":1.9165159999999999,"total":24.3295116,"children":{"GenerateSensorData":{"count":872176,"self":18.9138496,"total":22.4129957,"children":{"RayPerceptionSensor.Perceive":{"count":2616528,"self":3.4991467999999997,"total":3.4991467,"children":null}}}}}}}}},"DecideAction":{"count":272551,"self":1190.0361728,"total":1190.0361246,"children":null},"AgentAct":{"count":272551,"self":47.1198208,"total":47.2893578,"children":{"AgentInfo.ToProto":{"count":3207,"self":0.0169534,"total":0.16953659999999998,"children":{"GenerateSensorData":{"count":3207,"self":0.1446029,"total":0.1525832,"children":{"RayPerceptionSensor.Perceive":{"count":9621,"self":0.0079803,"total":0.0079803,"children":null}}}}}}},"AgentInfo.ToProto":{"count":2663,"self":0.0089778999999999987,"total":0.090667299999999992,"children":{"GenerateSensorData":{"count":2663,"self":0.067753,"total":0.0816894,"children":{"RayPerceptionSensor.Perceive":{"count":7989,"self":0.0139364,"total":0.0139364,"children":null}}}}}},"gauges":{"MoveToGoal.CumulativeReward":{"count":5870,"max":3.93299675,"min":-2.058003,"runningAverage":-0.277154326,"value":-1.9489913,"weightedAverage":-0.9703026}},"metadata":{"timer_format_version":"0.1.0","start_time_seconds":"1647017096","unity_version":"2020.3.23f1","command_line_arguments":"F:\\Unity\\Hub\\Editor\\2020.3.23f1\\Editor\\Unity.exe -projectpath F:\\Unity\\reinforcement_dissertation -useHub -hubIPC -cloudEnvironment production -licensingIpc LicenseClient-Ollie -hubSessionId c2c03790-a152-11ec-9705-918256d122c2 -accessToken 95Ri7-NryWCNKHi-Ek3mZtPTTmHeGGngQQBYEM6nSvE005f","communication_protocol_version":"1.5.0","com.unity.ml-agents_version":"2.2.1-exp.1","scene_name":"Big City","end_time_seconds":"1647018613"}}