{"count":1,"self":2715.065344,"total":9190.9374268,"children":{"InitializeActuators":{"count":25,"self":0.0009975,"total":0.0009975,"children":null},"InitializeSensors":{"count":25,"self":0.002992,"total":0.002992,"children":null},"AgentSendState":{"count":2001034,"self":657.3423104,"total":1016.5413189999999,"children":{"CollectObservations":{"count":10005175,"self":19.2977888,"total":19.2977894,"children":null},"WriteActionMask":{"count":10005175,"self":7.2952575999999993,"total":7.2952578,"children":null},"RequestDecision":{"count":10005175,"self":24.3410624,"total":332.6059501,"children":{"AgentInfo.ToProto":{"count":10005175,"self":24.016344,"total":308.2648878,"children":{"GenerateSensorData":{"count":10005175,"self":245.14595839999998,"total":284.24854419999997,"children":{"RayPerceptionSensor.Perceive":{"count":30015525,"self":39.1025856,"total":39.1025858,"children":null}}}}}}}}},"DecideAction":{"count":2001034,"self":5378.4645632,"total":5378.464669,"children":null},"AgentAct":{"count":2001034,"self":78.320531199999991,"total":78.3397197,"children":{"AgentInfo.ToProto":{"count":394,"self":0.0029575,"total":0.019185999999999998,"children":{"GenerateSensorData":{"count":394,"self":0.0132368,"total":0.0162285,"children":{"RayPerceptionSensor.Perceive":{"count":1182,"self":0.0029917,"total":0.0029917,"children":null}}}}}}},"AgentInfo.ToProto":{"count":45897,"self":0.2742021,"total":2.4657442,"children":{"GenerateSensorData":{"count":45897,"self":1.9593403999999999,"total":2.1915421,"children":{"RayPerceptionSensor.Perceive":{"count":137691,"self":0.23220159999999998,"total":0.23220159999999998,"children":null}}}}}},"gauges":{"MoveToGoal.CumulativeReward":{"count":46291,"max":3.99399185,"min":-2.25078,"runningAverage":1.57807767,"value":1.97603989,"weightedAverage":1.94977474}},"metadata":{"timer_format_version":"0.1.0","start_time_seconds":"1647796121","unity_version":"2020.3.23f1","command_line_arguments":"F:\\Unity\\Hub\\Editor\\2020.3.23f1\\Editor\\Unity.exe -projectpath F:\\Unity\\reinforcement_dissertation -useHub -hubIPC -cloudEnvironment production -licensingIpc LicenseClient-Ollie -hubSessionId 8a908a00-a86e-11ec-9668-3134d7fbc0af -accessToken Ee62I7Fbk8dsXH4Zl1aM-OXHkjBLurrd4b3y86xkkQA005f","communication_protocol_version":"1.5.0","com.unity.ml-agents_version":"2.2.1-exp.1","scene_name":"Bigger City","end_time_seconds":"1647805309"}}