{"count":1,"self":101.0162816,"total":101.3311732,"children":{"InitializeActuators":{"count":16,"self":0.0010000999999999999,"total":0.0010000999999999999,"children":null},"InitializeSensors":{"count":16,"self":0.0021257,"total":0.0021257,"children":null},"AgentSendState":{"count":4797,"self":0.1524982,"total":0.1835417,"children":{"CollectObservations":{"count":1935,"self":0.0218829,"total":0.0218829,"children":null},"WriteActionMask":{"count":1935,"self":0.0020090999999999998,"total":0.0020090999999999998,"children":null},"RequestDecision":{"count":1935,"self":0.0045996,"total":0.0071515,"children":{"RayPerceptionSensor.Perceive":{"count":1935,"self":0.0025518999999999997,"total":0.0025518999999999997,"children":null}}}}},"DecideAction":{"count":4797,"self":0.043969299999999996,"total":0.043969299999999996,"children":null},"AgentAct":{"count":4797,"self":0.084256799999999993,"total":0.084256799999999993,"children":null},"RayPerceptionSensor.Perceive":{"count":24,"self":0,"total":0,"children":null}},"gauges":{"MoveToGoal.CumulativeReward":{"count":9,"max":-1.05899906,"min":-2.062645,"runningAverage":-1.90656626,"value":-2.00624871,"weightedAverage":-1.91218853}},"metadata":{"timer_format_version":"0.1.0","start_time_seconds":"1681388307","unity_version":"2020.3.23f1","command_line_arguments":"F:\\Unity\\Hub\\Editor\\2020.3.23f1\\Editor\\Unity.exe -projectpath F:\\Unity\\ev_reinforcement_dissertation -useHub -hubIPC -cloudEnvironment production -licensingIpc LicenseClient-Ollie -hubSessionId 6ca2a480-d976-11ed-970d-654e3c9dc22a","communication_protocol_version":"1.5.0","com.unity.ml-agents_version":"2.3.0-exp.2","scene_name":"Large City Wide","end_time_seconds":"1681388408"}}