{"count":1,"self":756.12702719999993,"total":3557.877091,"children":{"InitializeActuators":{"count":32,"self":0.001001,"total":0.001001,"children":null},"InitializeSensors":{"count":32,"self":0.0030445,"total":0.0030445,"children":null},"AgentSendState":{"count":469084,"self":159.076864,"total":788.0791001,"children":{"CollectObservations":{"count":3002144,"self":17.2265408,"total":17.2265416,"children":null},"WriteActionMask":{"count":3002144,"self":2.2615428,"total":2.2615428,"children":null},"RequestDecision":{"count":3002144,"self":8.751456,"total":609.5141579,"children":{"AgentInfo.ToProto":{"count":3002144,"self":11.7851048,"total":600.7627016,"children":{"GenerateSensorData":{"count":3002144,"self":583.48231679999992,"total":588.977597,"children":{"RayPerceptionSensor.Perceive":{"count":3002144,"self":5.495264,"total":5.4952641,"children":null}}}}}}}}},"DecideAction":{"count":469084,"self":1963.2723968,"total":1963.2724638999998,"children":null},"AgentAct":{"count":469084,"self":38.755017599999995,"total":38.755017699999996,"children":null},"AgentInfo.ToProto":{"count":37468,"self":0.25346979999999997,"total":11.638431899999999,"children":{"GenerateSensorData":{"count":37468,"self":11.288148,"total":11.3849621,"children":{"RayPerceptionSensor.Perceive":{"count":37468,"self":0.096813799999999992,"total":0.096813799999999992,"children":null}}}}}},"gauges":{"MoveToGoal.CumulativeReward":{"count":37468,"max":3.99999976,"min":-59.2207069,"runningAverage":1.21049881,"value":1.99244,"weightedAverage":1.92887259}},"metadata":{"timer_format_version":"0.1.0","start_time_seconds":"1684088653","unity_version":"2020.3.23f1","command_line_arguments":"F:\\Unity\\Hub\\Editor\\2020.3.23f1\\Editor\\Unity.exe -projectpath F:\\Unity\\ev_reinforcement_dissertation -useHub -hubIPC -cloudEnvironment production -licensingIpc LicenseClient-Ollie -hubSessionId 993ab0ae-964d-4594-a148-25234432d6f7","communication_protocol_version":"1.5.0","com.unity.ml-agents_version":"2.2.1-exp.1","scene_name":"Large City 2 Agents POCA","end_time_seconds":"1684092211"}}