{"count":1,"self":2474.5390079999997,"total":3008.570676,"children":{"InitializeActuators":{"count":1,"self":0.0020406,"total":0.0020406,"children":null},"InitializeSensors":{"count":1,"self":0.0016340999999999999,"total":0.0016340999999999999,"children":null},"AgentSendState":{"count":3000001,"self":39.1124864,"total":44.8722815,"children":{"CollectObservations":{"count":600001,"self":3.5764123999999997,"total":3.5764123999999997,"children":null},"WriteActionMask":{"count":600001,"self":0.5555352,"total":0.5555352,"children":null},"RequestDecision":{"count":600001,"self":1.6278485999999999,"total":1.6278485999999999,"children":null}}},"DecideAction":{"count":3000001,"self":462.99519999999995,"total":465.66652949999997,"children":{"RayPerceptionSensor.Perceive":{"count":600001,"self":2.6713272,"total":2.6713272999999997,"children":null}}},"AgentAct":{"count":3000001,"self":23.48924,"total":23.4892394,"children":null}},"gauges":{"MoveToGoal.CumulativeReward":{"count":5781,"max":3.99999976,"min":-14.1461639,"runningAverage":3.820207,"value":3.97444534,"weightedAverage":3.981407}},"metadata":{"timer_format_version":"0.1.0","start_time_seconds":"1685055197","unity_version":"2020.3.23f1","command_line_arguments":"F:\\Unity\\Hub\\Editor\\2020.3.23f1\\Editor\\Unity.exe -projectpath F:\\Unity\\ev_reinforcement_dissertation -useHub -hubIPC -cloudEnvironment production -licensingIpc LicenseClient-Ollie -hubSessionId ead66d25-3b1d-47e7-899b-4c0cbb767132","communication_protocol_version":"1.5.0","com.unity.ml-agents_version":"2.2.1-exp.1","scene_name":"NSWE Demo City","end_time_seconds":"1685058206"}}